name                     ,act,position,order,icon
Den of Evil              ,1  ,0       ,1    ,/icons/quests/act1/a1q1
Sisters' Burial Grounds  ,1  ,1       ,2    ,/icons/quests/act1/a1q2
Tools of the Trade       ,1  ,2       ,5    ,/icons/quests/act1/a1q3
The Search for Cain      ,1  ,3       ,3    ,/icons/quests/act1/a1q4
The Forgotten Tower      ,1  ,4       ,4    ,/icons/quests/act1/a1q5
Sisters to the Slaughter ,1  ,5       ,6    ,/icons/quests/act1/a1q6
Radament's Lair          ,2  ,0       ,7    ,/icons/quests/act2/a2q1
The Horadric Staff       ,2  ,1       ,8    ,/icons/quests/act2/a2q2
Tainted Sun              ,2  ,2       ,9    ,/icons/quests/act2/a2q3
Arcane Sanctuary         ,2  ,3       ,10   ,/icons/quests/act2/a2q4
The Summoner             ,2  ,4       ,11   ,/icons/quests/act2/a2q5
The Seven Tombs          ,2  ,5       ,12   ,/icons/quests/act2/a2q6
Lam Esen's Tome          ,3  ,0       ,16   ,/icons/quests/act3/a3q1
Khalim's Will            ,3  ,1       ,15   ,/icons/quests/act3/a3q2
Blade of the Old Religion,3  ,2       ,14   ,/icons/quests/act3/a3q3
The Golden Bird          ,3  ,3       ,13   ,/icons/quests/act3/a3q4
The Blackened Temple     ,3  ,4       ,17   ,/icons/quests/act3/a3q5
The Guardian             ,3  ,5       ,18   ,/icons/quests/act3/a3q6
The Fallen Angel         ,4  ,0       ,19   ,/icons/quests/act4/a4q1
Terror's End             ,4  ,1       ,20   ,/icons/quests/act4/a4q3
Hell's Forge             ,4  ,2       ,21   ,/icons/quests/act4/a4q2
Siege on Harrogath       ,5  ,0       ,22   ,/icons/quests/act5/a5q1
Rescue on Mount Arreat   ,5  ,1       ,23   ,/icons/quests/act5/a5q2
Prison of Ice            ,5  ,2       ,24   ,/icons/quests/act5/a5q3
Betrayal of Harrogath    ,5  ,3       ,25   ,/icons/quests/act5/a5q4
Rite of Passage          ,5  ,4       ,26   ,/icons/quests/act5/a5q5
Eve of Destruction       ,5  ,5       ,27   ,/icons/quests/act5/a5q6